{
  "listItems": [
    {"name":"eCommerce Dashboard", "url":"dashboard-ecommerce.html","icon":"bx bx-desktop"},
    {"name":"Analytics Dashboard", "url":"dashboard-analytics.html","icon":"bx bx-desktop"},
    {"name":"Email", "url":"app-email.html","icon":"bx bx-envelope"},
    {"name":"Chat", "url":"app-chat.html","icon":"bx bx-chat"},
    {"name":"Todo", "url":"app-todo.html","icon":"bx bx-check-circle"},
    {"name":"Calendar", "url":"app-calendar.html","icon":"bx bx-calendar"},
    {"name":"Kanban", "url":"app-kanban.html","icon":"bx bx-grid-alt"},
    {"name":"Invoice List", "url":"app-invoice-list.html","icon":"bx bx-file"},
    {"name":"Invoice", "url":"app-invoice.html","icon":"bx bx-file"},
    {"name":"Invoice Edit", "url":"app-invoice-edit.html","icon":"bx bx-file"},
    {"name":"Invoice Add", "url":"app-invoice-add.html","icon":"bx bx-file"},
    {"name":"File Manager", "url":"app-file-manager.html","icon":"bx bx-save"},

    {"name":"Content - Grid", "url":"content-grid.html","icon":"bx bx-repeat"},
    {"name":"Content - Typography", "url":"content-typography.html","icon":"bx bx-edit-alt"},
    {"name":"Content - Text Utilities", "url":"content-text-utilities.html","icon":"bx bx-font-color"},
    {"name":"Content - Syntax Highlighter", "url":"content-syntax-highlighter.html","icon":"bx bx-highlight"},
    {"name":"Content - Helper Classes", "url":"content-helper-classes.html","icon":"bx bx-help-circle"},

    {"name":"Colors", "url":"colors.html","icon":"bx bx-droplet"},
    {"name":"LivIcons", "url":"icons-livicons.html","icon":"bx bx-map-pin"},
    {"name":"Boxicons", "url":"icons-boxicons.html","icon":"bx bx-user-pin"},

    {"name":"Card Basic", "url":"card-basic.html","icon":"bx bx-id-card"},
    {"name":"Card Actions", "url":"card-actions.html","icon":"bx bx-grid-alt"},
    {"name":"Widgets", "url":"widgets.html","icon":"bx bx-grid"},

    {"name":"Alerts Component", "url":"component-alerts.html","icon":"bx bx-error"},
    {"name":"Buttons Component", "url":"component-buttons-basic.html","icon":"bx bx-plus-circle"},
    {"name":"Breadcrumbs Component", "url":"component-breadcrumbs.html","icon":"bx bx-dots-horizontal-rounded"},
    {"name":"Carousel Component", "url":"component-carousel.html","icon":"ba bx-map-alt"},
    {"name":"Collapse Component", "url":"component-collapse.html","icon":"bx bx-exit-fullscreen"},
    {"name":"Dropdowns Component", "url":"component-dropdowns.html","icon":"bx bx-archive-in"},
    {"name":"List Group Component", "url":"component-list-group.html","icon":"bx bx-list-ol"},
    {"name":"Modals Component", "url":"component-modals.html","icon":"bx bx-layout"},
    {"name":"Pagination Component", "url":"component-pagination.html","icon":"bx bx-chevrons-right"},
    {"name":"Navbar Component", "url":"component-navbar.html","icon":"bx bx-dock-top"},
    {"name":"Tabs Component", "url":"component-tabs-component.html","icon":"bx bx-server"},
    {"name":"Pills Component", "url":"component-pills-component.html","icon":"bx bx-toggle-right"},
    {"name":"Tooltips Component", "url":"component-tooltips.html","icon":"bx bx-message-alt-dots"},
    {"name":"Popovers Component", "url":"component-popovers.html","icon":"bx bx-message-alt"},
    {"name":"Badges Component", "url":"component-badges.html","icon":"bx bx-square-rounded"},
    {"name":"Pill Badges Component", "url":"component-pill-badges.html","icon":"bx bx-check-circle"},
    {"name":"Progress Component", "url":"component-progress.html","icon":"bx bx-slider"},
    {"name":"Media Objects Component", "url":"component-media-objects.html","icon":"bx bx-image-alt"},
    {"name":"Spinner Component", "url":"component-spinner.html","icon":"bx bx-loader-circle"},
    {"name":"Toasts Component", "url":"component-bs-toast.html","icon":"bx bx-server"},

    {"name":"Avatar", "url":"ex-component-avatar.html","icon":"bx bx-user-circle"},
    {"name":"Chips", "url":"ex-component-chips.html","icon":"bx bx-x-circle"},
    {"name":"Divider", "url":"ex-component-divider.html","icon":"bx bx-space-bar"},

    {"name":"Input Form Element", "url":"form-inputs.html","icon":"bx bx-receipt"},
    {"name":"Input Groups Form Element", "url":"form-input-groups.html","icon":"bx bx-bbok-content"},
    {"name":"Number Input Form Element", "url":"form-number-input.html","icon":"bx bx-plus"},
    {"name":"Select Form Element", "url":"form-select.html","icon":"bx bx-select-multiple"},
    {"name":"Radio Form Element", "url":"form-radio.html","icon":"bx bx-radio-circle-marked"},
    {"name":"Checkbox Form Element", "url":"form-checkbox.html","icon":"bx bx-checkbox-square"},
    {"name":"Switch Form Element", "url":"form-switch.html","icon":"bx bx-toggle-left"},
    {"name":"Textarea Form Element", "url":"form-textarea.html","icon":"bx bx-font-family"},
    {"name":"Date & Time Picker Form Element", "url":"form-date-time-picker.html","icon":"bx bx-calendar"},
    {"name":"Quill Editor", "url":"form-quill-editor.html","icon":"bx bx-edit"},
    {"name":"File Uploader", "url":"form-file-uploader.html","icon":"bx bx-upload"},

    {"name":"Form Layout", "url":"form-layout.html","icon":"bx bx-layout"},
    {"name":"Form Wizard", "url":"form-wizard.html","icon":"bx bx-layer"},
    {"name":"Form Validation", "url":"form-validation.html","icon":"bx bx-check-square"},
    {"name":"Form Repeater", "url":"form-repeater.html","icon":"bx bx-copy-alt"},
    {"name":"Table", "url":"table.html","icon":"bx bx-table"},
    {"name":"Table extended", "url":"table-extended.html","icon":"bx bx-grid"},
    {"name":"Datatable", "url":"table-datatable.html","icon":"bx bx-grid-alt"},

    {"name":"Login Page", "url":"auth-login.html","icon":"bx bx-download"},
    {"name":"Register Page", "url":"auth-register.html","icon":"bx bx-user-plus"},
    {"name":"Forgot Password Page", "url":"auth-forgot-password.html","icon":"bx bx-map-pin"},
    {"name":"Reset Password Page", "url":"auth-reset-password.html","icon":"bx bx-repost"},
    {"name":"Lock Screen Page", "url":"auth-lock-screen.html","icon":"bx bx-lock-open"},
    {"name":"Coming Soon Page", "url":"page-coming-soon.html","icon":"bx bx-time"},
    {"name":"404 Page", "url":"error-404.html","icon":"bx bx-error"},
    {"name":"500 Page", "url":"error-500.html","icon":"bx bx-error"},
    {"name":"Not Authorized Page", "url":"page-not-authorized.html","icon":"bx bx-user-x"},
    {"name":"Maintenance Page", "url":"page-maintenance.html","icon":"bx bx-first-aid"},


    {"name":"User Profile", "url":"page-user-profile.html","icon":"bx bx-user"},
    {"name":"FAQ Page", "url":"page-faq.html","icon":"bx bx-help-circle"},
    {"name":"Knowledge Base", "url":"page-knowledge-base.html","icon":"bx bx-error-circle"},
    {"name":"Search", "url":"page-search.html","icon":"bx bx-search"},
    {"name":"Account Settings", "url":"page-account-settings.html","icon":"bx bx-wrench"},
    {"name":"Users List", "url":"page-users-list.html","icon":"bx bx-search"},
    {"name":"Users View", "url":"page-users-view.html","icon":"bx bx-search"},
    {"name":"Users Edit", "url":"page-users-edit.html","icon":"bx bx-search"},

    {"name":"Apex Chart", "url":"chart-apex.html","icon":"bx bx-bar-chart-alt"},
    {"name":"Chartjs Chart", "url":"chart-chartjs.html","icon":"bx bx-line-chart"},
    {"name":"Chartist", "url":"chart-chartist.html","icon":"bx bx-pie-chart-alt"},
    {"name":"Google Maps", "url":"maps-google.html","icon":"bx bx-map"},

    {"name":"Sweet Alert", "url":"ext-component-sweet-alerts.html","icon":"bx bx-error"},
    {"name":"Toastr", "url":"ext-component-toastr.html","icon":"bx bx-map-alt"},
    {"name":"NoUi Slider", "url":"ext-component-noui-slider.html","icon":"bx bx-slider-alt"},
    {"name":"Drag & Drop", "url":"ext-component-drag-drop.html","icon":"bx bx-copy-alt"},
    {"name":"Tour", "url":"ext-component-tour.html","icon":"bx bx-paper-plane"},
    {"name":"Swiper", "url":"ext-component-swiper.html","icon":"bx bx-tab"},
    {"name":"Treeview", "url":"ext-component-treeview.html","icon":"bx bx-menu-alt-left"},
    {"name":"Block-UI", "url":"ext-component-block-ui.html","icon":"bx bx-fullscreen"},
    {"name":"Media Player", "url":"ext-component-media-player.html","icon":"bx bx-music"},
    {"name":"Miscellaneous", "url":"ext-component-miscellaneous.html","icon":"bx bx-sitemap"},
    {"name":"l18n", "url":"ext-component-i18n.html","icon":"bx bx-globe"}
  ]
}


